{
  "事件划分|42": {
    "split": "事件划分",
    "seed": 42,
    "macro_f1": 0.7038704732707415,
    "rumour_recall": 0.5788590604026845,
    "rumour_precision": 0.8136792452830188
  },
  "事件划分|43": {
    "split": "事件划分",
    "seed": 43,
    "macro_f1": 0.7128470091612568,
    "rumour_recall": 0.6040268456375839,
    "rumour_precision": 0.8089887640449438
  },
  "事件划分|44": {
    "split": "事件划分",
    "seed": 44,
    "macro_f1": 0.7451610857432776,
    "rumour_recall": 0.6661073825503355,
    "rumour_precision": 0.8202479338842975
  },
  "事件划分|45": {
    "split": "事件划分",
    "seed": 45,
    "macro_f1": 0.6927872028233579,
    "rumour_recall": 0.5637583892617449,
    "rumour_precision": 0.8038277511961722
  },
  "事件划分|46": {
    "split": "事件划分",
    "seed": 46,
    "macro_f1": 0.6684487024780292,
    "rumour_recall": 0.4865771812080537,
    "rumour_precision": 0.8357348703170029
  }
}