{
  "事件划分|42": {
    "split": "事件划分",
    "seed": 42,
    "macro_f1": 0.6959204037611374,
    "rumour_recall": 0.5486577181208053,
    "rumour_precision": 0.8278481012658228
  },
  "事件划分|43": {
    "split": "事件划分",
    "seed": 43,
    "macro_f1": 0.6710917763189981,
    "rumour_recall": 0.48825503355704697,
    "rumour_precision": 0.8410404624277457
  },
  "事件划分|44": {
    "split": "事件划分",
    "seed": 44,
    "macro_f1": 0.7034520258813461,
    "rumour_recall": 0.5486577181208053,
    "rumour_precision": 0.8471502590673575
  },
  "事件划分|45": {
    "split": "事件划分",
    "seed": 45,
    "macro_f1": 0.7205477356181151,
    "rumour_recall": 0.6040268456375839,
    "rumour_precision": 0.8256880733944955
  },
  "事件划分|46": {
    "split": "事件划分",
    "seed": 46,
    "macro_f1": 0.7386837370021815,
    "rumour_recall": 0.6258389261744967,
    "rumour_precision": 0.8438914027149321
  }
}