{
  "随机划分|42": {
    "split": "随机划分",
    "seed": 42,
    "macro_f1": 0.8480543436886949,
    "rumour_recall": 0.7827298050139275,
    "rumour_precision": 0.8313609467455622
  },
  "随机划分|43": {
    "split": "随机划分",
    "seed": 43,
    "macro_f1": 0.8542605931431273,
    "rumour_recall": 0.7827298050139275,
    "rumour_precision": 0.8463855421686747
  },
  "随机划分|44": {
    "split": "随机划分",
    "seed": 44,
    "macro_f1": 0.8462421392398018,
    "rumour_recall": 0.8022284122562674,
    "rumour_precision": 0.8112676056338028
  },
  "随机划分|45": {
    "split": "随机划分",
    "seed": 45,
    "macro_f1": 0.8648534623389773,
    "rumour_recall": 0.8022284122562674,
    "rumour_precision": 0.8545994065281899
  },
  "随机划分|46": {
    "split": "随机划分",
    "seed": 46,
    "macro_f1": 0.8568862331183276,
    "rumour_recall": 0.807799442896936,
    "rumour_precision": 0.830945558739255
  },
  "事件划分|42": {
    "split": "事件划分",
    "seed": 42,
    "macro_f1": 0.716027470517491,
    "rumour_recall": 0.5989932885906041,
    "rumour_precision": 0.8206896551724138
  },
  "事件划分|43": {
    "split": "事件划分",
    "seed": 43,
    "macro_f1": 0.6989079104357786,
    "rumour_recall": 0.5989932885906041,
    "rumour_precision": 0.7846153846153846
  },
  "事件划分|44": {
    "split": "事件划分",
    "seed": 44,
    "macro_f1": 0.6906521599175948,
    "rumour_recall": 0.535234899328859,
    "rumour_precision": 0.8307291666666666
  },
  "事件划分|45": {
    "split": "事件划分",
    "seed": 45,
    "macro_f1": 0.7112374897875817,
    "rumour_recall": 0.5889261744966443,
    "rumour_precision": 0.8200934579439252
  },
  "事件划分|46": {
    "split": "事件划分",
    "seed": 46,
    "macro_f1": 0.7063740856844305,
    "rumour_recall": 0.5436241610738255,
    "rumour_precision": 0.8617021276595744
  }
}